{
    "PLAYER":"Nikola Jokic",
    "FG3_PCT":0.38800000000000001,
    "DREB":575,
    "FGA":1293,
    "BLK":48,
    "RANK":1,
    "FG3M":92,
    "REB":780,
    "STL":95,
    "FGM":732,
    "FTA":394,
    "TOV":222,
    "AST":599,
    "TEAM":"DEN",
    "GP":72,
    "FG3A":237,
    "FTM":342,
    "PLAYER_ID":203999,
    "FT_PCT":0.86799999999999999,
    "OREB":205,
    "STL_TOV":0.42999999999999999,
    "PTS":1898,
    "FG_PCT":0.56599999999999995,
    "PF":192,
    "EFF":2585,
    "AST_TOV":2.7000000000000002,
    "MIN":2488
}
