{
    "FT_PCT": 0.868,
    "AST": 8.300000000000001,
    "BLK": 0.7,
    "PLAYER": "Nikola Jokic",
    "PTS": 26.4,
    "OREB": 2.8,
    "FGM": 10.2,
    "MIN": 34.6,
    "DREB": 8,
    "TOV": 3.1,
    "FG_PCT": 0.5659999999999999,
    "FG3M": 1.3,
    "PLAYER_ID": 203999,
    "FG3_PCT": 0.388,
    "FTA": 5.5,
    "EFF": 35.9,
    "FTM": 4.8,
    "FG3A": 3.3,
    "TEAM": "DEN",
    "FGA": 18,
    "STL": 1.3,
    "GP": 72,
    "REB": 10.8
}
